Маршрут,Порядок,Город,Адрес,Подъезды,lat,lon
1,1,Липецк,Желябова 14,4,52.6155438,39.6002269
1,2,Липецк,Желябова 28А,3,52.6160643,39.6000586
1,3,Липецк,Гагарина 29,2,52.6173064,39.5997652
1,4,Липецк,Гагарина 31,2,52.6172797,39.5990439
1,5,Липецк,Гагарина 33,6,52.6167854,39.5983818
1,6,Липецк,Желябова 31А,5,52.6155844,39.59869
1,7,Липецк,Зегеля 27 1,1,52.6160347,39.5970604
1,8,Липецк,Гагарина 27,4,52.6173368,39.6007109
1,9,Липецк,Гагарина 25,2,52.6173803,39.6016423
1,10,Липецк,Гагарина 34,4,52.6179538,39.6022572
1,11,Липецк,Гагарина 36,3,52.6182275,39.6016299
1,12,Липецк,Гагарина 23,4,52.6174437,39.6032688
1,13,Липецк,Гагарина 32,4,52.6180086,39.6034864
1,14,Липецк,Интернациональная 35Б,4,52.614494,39.603874
1,15,Липецк,Интернациональная 29,4,52.613485,39.6038798
1,16,Липецк,Желябова 4,4,52.6134663,39.6026766
1,17,Липецк,Желябова 7,2,52.6128086,39.602655
1,18,Липецк,Желябова 3,4,52.612321,39.6033869
1,19,Липецк,Интернациональная 19,3,52.6125335,39.6015255
1,20,Липецк,Интернациональная 11,4,52.6121253,39.6007482
1,21,Липецк,Желябова 12,4,52.6147558,39.6007383
1,22,Липецк,Желябова 12А,4,52.6151241,39.6013646
1,23,Липецк,Плеханова 1А,1,52.6121142,39.5946895
1,24,Липецк,Плеханова 1Б,1,52.6122696,39.593931
1,25,Липецк,Плеханова 3,7,52.6110574,39.593462
2,1,Липецк,Ленина 13,1,52.0050588,38.0961814
2,2,Липецк,Ленина 15,1,52.0050588,38.0961814
2,3,Липецк,Ленина 31,1,52.0050588,38.0961814
2,4,Липецк,Ленина 41,1,52.0050588,38.0961814
2,5,Липецк,Ленина 43,1,52.0050588,38.0961814
2,6,Липецк,Ленина 7,1,52.0050588,38.0961814
2,7,Липецк,Ленина 9,1,52.0050588,38.0961814
3,1,Липецк,Космонавтов 47 2,4,52.6040496,39.541477
3,2,Липецк,Космонавтов 47 4,6,52.6031742,39.5417873
3,3,Липецк,Космонавтов 47 5,4,52.6030404,39.5411776
3,4,Липецк,Космонавтов 49 4,4,52.6027677,39.540627
3,5,Липецк,Космонавтов 6,6,52.6023728,39.5421403
3,6,Липецк,Звездная 13,5,52.6001853,39.5416025
3,7,Липецк,Звездная 11,5,52.6002906,39.5431292
3,8,Липецк,Звездная 13 2,5,52.6003086,39.539102
3,9,Липецк,Космонавтов 96Б,2,52.604323,39.5384485
3,10,Липецк,9-й микрорайон 14Б,4,52.6054033,39.5377296
3,11,Липецк,Вермишева 2,6,52.6042382,39.5364765
3,12,Липецк,9-й микрорайон 12,2,52.6069791,39.5394896
3,13,Липецк,9-й микрорайон 11,2,52.6067066,39.5400898
3,14,Липецк,Космонавтов 108,1,52.6056639,39.5405671
3,15,Липецк,Космонавтов 102,1,52.607053,39.5432846
3,16,Липецк,Космонавтов 100,1,52.6075439,39.5441803
3,17,Липецк,9-й микрорайон 2,2,52.6085867,39.5438193
3,18,Липецк,9-й микрорайон 3,2,52.6088585,39.5431779
3,19,Липецк,Космонавтов 41 1,8,52.6068076,39.545219
4,1,Липецк,Меркулова 43,9,52.5838076,39.5312839
4,2,Липецк,Меркулова 18,4,52.5843669,39.5298322
4,3,Липецк,Есенина 1,5,52.5852752,39.5298589
4,4,Липецк,Есенина 3,4,52.5854798,39.5286208
4,5,Липецк,Меркулова 24,7,52.5838163,39.5275773
4,6,Липецк,Катукова 16,5,52.5833462,39.5269843
4,7,Липецк,Меркулова 57,7,52.5820924,39.5317655
4,8,Липецк,Катукова 12,1,52.5813911,39.5317174
4,9,Липецк,Катукова 10,2,52.5813255,39.53262
4,10,Липецк,Катукова 8,2,52.5809322,39.5326948
4,11,Липецк,Катукова 4,5,52.5805079,39.5332596
4,12,Липецк,Катукова 6,4,52.581365,39.533662
4,13,Липецк,Меркулова 39,3,52.5852996,39.5332823
4,14,Липецк,Меркулова 37,2,52.5856612,39.5339715
4,15,Липецк,60 лет СССР 19,4,52.5855839,39.5350544
4,16,Липецк,60 лет СССР 47,3,52.5846618,39.5378977
4,17,Липецк,60 лет СССР 5,6,52.5842157,39.5377545
5,1,Липецк,Астраханская 15,2,52.490538,39.947794
6,1,Липецк,Бородинская 45,2,52.6431121,39.6723936
6,2,Липецк,Бородинская 49,1,52.6433555,39.6729643
6,3,Липецк,Бородинская 51,4,52.6428811,39.6733116
6,4,Липецк,Бородинская 47,10,52.6428973,39.6710864
6,5,Липецк,Бородинская 47 А,4,52.6417977,39.6708567
7,1,Липецк,Катукова 40,3,52.5896581,39.5154171
7,2,Липецк,Катукова 40А,2,52.5902241,39.5156209
7,3,Липецк,Леонтия Кривенкова 5,3,52.5907126,39.5158102
7,4,Липецк,Леонтия Кривенкова 7,3,52.5906284,39.5148149
7,5,Липецк,Катукова 42,1,52.5901325,39.5146459
7,6,Липецк,Катукова 39,2,52.5887279,39.5138236
7,7,Липецк,Катукова 39А,1,52.5883037,39.513939
7,8,Липецк,Катукова 37А,2,52.5881479,39.5132562
7,9,Липецк,Москаленко 1,1,52.5877101,39.513032
7,10,Липецк,Катукова 41,4,52.5878368,39.5121825
7,11,Липецк,Леонтия Кривенкова 9,3,52.5883619,39.5114828
7,12,Липецк,Леонтия Кривенкова 7 А,3,52.5891031,39.5131008
7,13,Липецк,Катукова 37,1,52.5875746,39.5139082
7,14,Липецк,Катукова 35,2,52.5872401,39.5144598
7,15,Липецк,Катукова 33,1,52.5868691,39.5151395
7,16,Липецк,Катукова 29,8,52.5874718,39.5153862
7,17,Липецк,Катукова 31,3,52.5865577,39.5158795
7,18,Липецк,Катукова 27,1,52.5867262,39.5170108
7,19,Липецк,Катукова 25,3,52.5866056,39.5176777
7,20,Липецк,Катукова 30,7,52.5879961,39.5184531
7,21,Липецк,Катукова 30Б,2,52.5885718,39.5186133
7,22,Липецк,Катукова 34,5,52.5888138,39.5191277
7,23,Липецк,Катукова 32А,3,52.5888071,39.5178827
7,24,Липецк,Катукова 32,4,52.58886,39.5168394
7,25,Липецк,Катукова 36А,2,52.5894571,39.516957
7,26,Липецк,Катукова 36,4,52.5897525,39.5174064
7,27,Липецк,Катукова 38,3,52.5896716,39.5162735
7,28,Липецк,Леонтия Кривенкова 3,4,52.5917739,39.516464
7,29,Липецк,60 лет СССР 45,8,52.5931078,39.5199128
8,1,Липецк,Папина 21 2,4,52.5939649,39.5567242
8,2,Липецк,Папина 23 2,6,52.593267,39.5565196
8,3,Липецк,Механизаторов 3А,2,52.5925323,39.5555828
8,4,Липецк,Механизаторов 3,6,52.5918665,39.5554206
8,5,Липецк,Механизаторов 4,4,52.5912723,39.5545376
8,6,Липецк,Механизаторов 5,6,52.5911089,39.5566658
8,7,Липецк,Папина 25,4,52.5937152,39.554868
8,8,Липецк,Папина 23,4,52.5940361,39.5552523
8,9,Липецк,Папина 21,4,52.5943514,39.5556646
8,10,Липецк,Папина 19Б,3,52.5952357,39.5562725
8,11,Липецк,Папина 17,4,52.5958482,39.5571051
8,12,Липецк,Папина 17Б,2,52.5952528,39.5574104
8,13,Липецк,Доватора 9,6,52.5964034,39.5592059
8,14,Липецк,Доватора 7,6,52.5967628,39.5596684
8,15,Липецк,Доватора 5А,4,52.5960576,39.5599416
8,16,Липецк,Доватора 6,3,52.5969575,39.561219
8,17,Липецк,Доватора 4,3,52.5963878,39.5620076
8,18,Липецк,Доватора 4 1,5,52.5972385,39.5626271
8,19,Липецк,Доватора 2,5,52.5968932,39.5633508
8,20,Липецк,Папина 9,6,52.5982158,39.5605468
8,21,Липецк,Папина 1А,6,52.6005632,39.5631094
8,22,Липецк,Папина 1Б,6,52.6003104,39.5636492
8,23,Липецк,Индустриальная 6,2,52.5910037,39.5627671
8,24,Липецк,Индустриальная 8,2,52.5904953,39.5620776
8,25,Липецк,Индустриальная 10,2,52.5901944,39.5615733
8,26,Липецк,Индустриальная 23,1,52.5895421,39.5617531
8,27,Липецк,Индустриальная 25,1,52.5891994,39.5612341
8,28,Липецк,Индустриальная 12,2,52.5899496,39.560902
8,29,Липецк,Индустриальная 42,1,52.5895319,39.5602379
8,30,Липецк,Механизаторов 11,4,52.5876308,39.560173
8,31,Липецк,Механизаторов 13,2,52.587255,39.5609234
8,32,Липецк,Механизаторов 13А,4,52.5871439,39.5616989
8,33,Липецк,Индустриальная 21,1,52.5899479,39.56265
8,34,Липецк,Индустриальная 2,5,52.5877322,39.5585743
8,35,Липецк,Индустриальная 19,1,52.5857776,39.5556916
8,36,Липецк,Папина 31Б,5,52.5913056,39.551821
8,37,Липецк,Папина 27,6,52.5933739,39.5538732
9,1,Липецк,Загородная 19,2,52.5459811,39.2440555
10,1,Липецк,Жуковского 8,8,52.5380676,39.5728499
10,2,Липецк,Жуковского 17,6,52.5371191,39.5722254
10,3,Липецк,Ибаррури 5,6,52.5367886,39.5697462
10,4,Липецк,Ибаррури 6,5,52.5362548,39.5689561
10,5,Липецк,Ибаррури 4,4,52.5371037,39.5675171
10,6,Липецк,Ибаррури 4А,5,52.5368845,39.5663478
10,7,Липецк,Ибаррури 2А,7,52.5374908,39.5658036
10,8,Липецк,Ибаррури 2,7,52.5381661,39.5660222
10,9,Липецк,Ибаррури 2Б,7,52.5372828,39.5649897
10,10,Липецк,Краснознаменная 27,7,52.5394735,39.5676526
10,11,Липецк,Краснозаводская 1 1,2,52.5457753,39.5760186
10,12,Липецк,Коммунистическая 11,3,52.542919,39.5781625
10,13,Липецк,Коммунистическая 12,3,52.5425449,39.5778744
10,14,Липецк,Коммунистическая 14,3,52.5420633,39.5785555
10,15,Липецк,Коммунистическая 13,3,52.5424379,39.5788931
10,16,Липецк,Жуковского 6,4,52.5413066,39.5786153
10,17,Липецк,Краснозаводская 6,3,52.543264,39.5797224
10,18,Липецк,Коммунистическая 20А,10,52.5396891,39.5813399
11,1,Липецк,Первомайская 85,1,52.6024604,39.5808713
11,2,Липецк,Первомайская 66,4,52.6030827,39.5812154
11,3,Липецк,Первомайская 83,1,52.602593,39.5817442
11,4,Липецк,Первомайская 81,1,52.6026086,39.5826684
11,5,Липецк,Первомайская 79,1,52.6026394,39.5835489
11,6,Липецк,Октябрьская 89,2,52.6010627,39.5809494
11,7,Липецк,Неделина 26,1,52.601212,39.5792021
11,8,Липецк,Неделина 28,6,52.6013685,39.5779134
11,9,Липецк,Первомайская 119,4,52.6025614,39.5768094
11,10,Липецк,Первомайская 80,4,52.6029724,39.5768537
11,11,Липецк,Крайняя 2,6,52.60334,39.57598
11,12,Липецк,Победы 1,4,52.603013,39.574912
11,13,Липецк,8 Марта 26А,1,52.6070727,39.5781838
11,14,Липецк,8 Марта 24 5,1,52.6081872,39.5794114
12,1,Липецк,Детская 7,4,52.5816195,39.4755042
12,2,Липецк,Геологическая 4,3,52.580911,39.4758918
12,3,Липецк,Геологическая 7,5,52.5801248,39.4749654
12,4,Липецк,Металлистов 4А,6,52.5796886,39.475291
12,5,Липецк,Металлистов 4Б,2,52.5793835,39.4762717
12,6,Липецк,Металлистов 4В,3,52.5795666,39.4767978
12,7,Липецк,Металлистов 4Г,2,52.5798671,39.4770317
12,8,Липецк,Металлистов 4,4,52.5791764,39.4774074
12,9,Липецк,Геологическая 2А,7,52.5806983,39.4786591
12,10,Липецк,Детская 1А,3,52.5810582,39.4781879
12,11,Липецк,Детская 2Б,4,52.5816686,39.479405
12,12,Липецк,Ангарская 7,6,52.5828378,39.4795343
12,13,Липецк,Ангарская 11,6,52.5830615,39.4788614
12,14,Липецк,Ангарская 9,7,52.5840329,39.4791902
12,15,Липецк,Ангарская 19,2,52.5843302,39.477864
12,16,Липецк,Ангарская 21,2,52.5846927,39.4773059
12,17,Липецк,Ангарская 23,6,52.5841229,39.4770166
12,18,Липецк,Ангарская 23А,4,52.583635,39.4761357
12,19,Липецк,Ангарская 27,6,52.5841713,39.4755371
12,20,Липецк,Ангарская 31,6,52.5843887,39.4748512
12,21,Липецк,Детская 4Б,4,52.5837472,39.4746796
12,22,Липецк,Детская 4А,5,52.5831259,39.4749631
12,23,Липецк,Детская 6А,10,52.5825119,39.4742181
12,24,Липецк,Монтажников 5,7,52.5818618,39.4740631
12,25,Липецк,Монтажников 6,2,52.5808361,39.4735906
12,26,Липецк,Монтажников 6 1,2,52.5808361,39.4735906
12,27,Липецк,Детская 10,3,52.5835484,39.4716489
12,28,Липецк,Детская 15,6,52.583059,39.4697382
12,29,Липецк,Детская 17,6,52.5835512,39.4691714
12,30,Липецк,Ангарская 29,2,52.585291,39.4754237
12,31,Липецк,Ангарская 25,6,52.5849033,39.4762705
12,32,Липецк,Ангарская 3,2,52.5835125,39.4808754
13,1,Липецк,Архангельская 16,8,52.5890186,39.662596
13,2,Липецк,Архангельская 18,4,52.5890186,39.662596
13,3,Липецк,Архангельская 22,3,52.5890061,39.6625909
13,4,Липецк,Архангельская 24,2,52.5890061,39.6625909
13,5,Липецк,Архангельская 26,3,52.5890061,39.6625909
13,6,Липецк,Архангельская 8,3,52.5884111,39.6625513
13,7,Липецк,Архангельская 4,8,52.5877185,39.6632948
13,8,Липецк,Архангельская 12,4,52.5898015,39.663419
13,9,Липецк,Архангельская 9,3,52.5897371,39.6627121
13,10,Липецк,Астраханская 15А,4,52.5910106,39.6616666
13,11,Липецк,Архангельская 20,4,52.5903671,39.665333
14,1,Липецк,Загородная 1,3,52.6126829,39.546679
14,2,Липецк,Космонавтов 86,6,52.6118959,39.5466816
14,3,Липецк,Космонавтов 86 2,4,52.6119054,39.546015
14,4,Липецк,Космонавтов 88,2,52.6113109,39.5462052
14,5,Липецк,Космонавтов 90,1,52.6107022,39.5454167
14,6,Липецк,Космонавтов 94А,2,52.6102012,39.546369
14,7,Липецк,Космонавтов 96А,2,52.609506,39.5459963
14,8,Липецк,9-й микрорайон 1,4,52.6091397,39.5447513
14,9,Липецк,Космонавтов 82 2,3,52.6122494,39.5475627
14,10,Липецк,Космонавтов 82 1,3,52.6122507,39.5483705
14,11,Липецк,Космонавтов 78,1,52.6113543,39.5491733
14,12,Липецк,Космонавтов 76,1,52.6115921,39.5494409
14,13,Липецк,Космонавтов 70 2,3,52.6131522,39.5493723
14,14,Липецк,Космонавтов 70 1,3,52.6131505,39.5501787
14,15,Липецк,Космонавтов 68,4,52.6130936,39.5508262
14,16,Липецк,Космонавтов 68 1,1,52.6124612,39.5512618
14,17,Липецк,Космонавтов 70,1,52.6122323,39.5509868
14,18,Липецк,Космонавтов 3,4,52.6141344,39.5488947
14,19,Липецк,Циолковского 8 2,1,52.6151604,39.5501407
14,20,Липецк,Московская 13,4,52.6162743,39.5466524
14,21,Липецк,Московская 7,4,52.6171528,39.5469067
14,22,Липецк,Московская 9,7,52.6173551,39.5459885
14,23,Липецк,Московская 25,4,52.6163516,39.5454439
14,24,Липецк,Московская 17,3,52.6154301,39.5458725
14,25,Липецк,Московская 27,4,52.6152779,39.5444663
14,26,Липецк,Загородная 15,4,52.6148852,39.5439131
14,27,Липецк,Загородная 17,2,52.6149832,39.5430648
14,28,Липецк,Московская 19,4,52.6154476,39.5431467
14,29,Липецк,Московская 31,2,52.6154811,39.5424297
14,30,Липецк,Московская 37,4,52.6136094,39.5401698
14,31,Липецк,Бескрайняя 18,1,52.6122993,39.5406375
14,32,Липецк,Авиационная 33,3,52.6126583,39.5414032
15,1,Липецк,Парковая 1,6,52.5817524,39.617391
15,2,Липецк,Мира 28,2,52.5795938,39.6183187
15,3,Липецк,Мира 30,3,52.5791454,39.6191033
15,4,Липецк,Невского 5,4,52.5807714,39.6202202
15,5,Липецк,Мира 31,2,52.5770823,39.6210496
15,6,Липецк,Адмирала Макарова 32,3,52.576938,39.6239275
15,7,Липецк,Адмирала Макарова 14А,2,52.5852761,39.6202623
15,8,Липецк,Мира 2,4,52.5886676,39.6159863
15,9,Липецк,Крупской 5,2,52.5807536,39.6108819
16,1,Липецк,Космонавтов 7 4,6,52.615118,39.5654301
16,2,Липецк,Космонавтов 7 3,4,52.6149672,39.5661137
16,3,Липецк,Космонавтов 7 2,4,52.615016,39.5667682
16,4,Липецк,Космонавтов 36 1,3,52.6170933,39.5655163
16,5,Липецк,Космонавтов 36 2,4,52.6176257,39.5651209
16,6,Липецк,Космонавтов 34 2,4,52.6176915,39.5664643
16,7,Липецк,Космонавтов 42 2,4,52.6174908,39.5628712
16,8,Липецк,Космонавтов 44 1,3,52.6168982,39.5618789
16,9,Липецк,Космонавтов 15,6,52.615472,39.5619741
16,10,Липецк,Космонавтов 13,6,52.6155002,39.5626523
16,11,Липецк,Космонавтов 11,6,52.6155421,39.5633127
16,12,Липецк,Космонавтов 15 2,4,52.6139072,39.5615601
16,13,Липецк,Циолковского 27,1,52.6111324,39.5631373
16,14,Липецк,Циолковского 24,1,52.6089783,39.5654204
16,15,Липецк,Циолковского 24 1,1,52.6084671,39.5661661
16,16,Липецк,Циолковского 30,1,52.6097337,39.5668678
16,17,Липецк,Циолковского 34,1,52.6099263,39.5690648
16,18,Липецк,Валентины Терешковой 26,1,52.613465,39.5700912
16,19,Липецк,Валентины Терешковой 24,1,52.6138446,39.5694326
16,20,Липецк,Космонавтов 36 4,3,52.6189483,39.5629577
17,1,Липецк,40 лет Октября 25,4,52.6395501,39.6539428
17,2,Липецк,40 лет Октября 23А,3,52.6390047,39.6537476
17,3,Липецк,40 лет Октября 23Б,4,52.6388231,39.6545308
17,4,Липецк,40 лет Октября 21А,3,52.6383224,39.6542541
17,5,Липецк,40 лет Октября 21Б,4,52.6376556,39.6547989
17,6,Липецк,40 лет Октября 23,4,52.6380342,39.6551753
17,7,Липецк,40 лет Октября 21,3,52.6374833,39.6555927
17,8,Липецк,40 лет Октября 15,4,52.6368381,39.6560714
17,9,Липецк,40 лет Октября 6,4,52.6367568,39.6567971
17,10,Липецк,40 лет Октября 1А,1,52.6345872,39.657751
17,11,Липецк,Кутузова 2,4,52.6388936,39.6621358
17,12,Липецк,Мамина-Сибиряка 2,8,52.6382584,39.6631333
17,13,Липецк,40 лет Октября 10А,2,52.6397328,39.6531076
17,14,Липецк,40 лет Октября 29,2,52.640449,39.6531867
17,15,Липецк,40 лет Октября 31,2,52.640927,39.6527922
17,16,Липецк,40 лет Октября 33,2,52.6413076,39.6524817
17,17,Липецк,40 лет Октября 35,2,52.6416255,39.6522016
17,18,Липецк,40 лет Октября 33А,4,52.6411262,39.6519544
17,19,Липецк,40 лет Октября 37,2,52.641554,39.6516489
17,20,Липецк,40 лет Октября 37А,4,52.6411993,39.6511709
17,21,Липецк,40 лет Октября 33Б,4,52.6404828,39.6517775
17,22,Липецк,40 лет Октября 45,4,52.6420973,39.6495373
17,23,Липецк,40 лет Октября 47,2,52.6427186,39.6499364
18,1,Липецк,Космонавтов 5,4,52.7050689,39.7164843
19,1,Липецк,Опытная 4,4,52.6323016,39.5442412
19,2,Липецк,Агрономическая 12,2,52.6318907,39.5448246
19,3,Липецк,Агрономическая 17,2,52.6313961,39.5441804
19,4,Липецк,Агрономическая 14,3,52.6311698,39.5457416
19,5,Липецк,Агрономическая 10,2,52.6322288,39.545614
19,6,Липецк,Агрономическая 6,4,52.6313697,39.546793
19,7,Липецк,Агрономическая 7,3,52.6308283,39.5473046
19,8,Липецк,Агрономическая 5,4,52.6309531,39.5482519
19,9,Липецк,Боевой 35,3,52.631822,39.5490485
19,10,Липецк,Боевой 37,3,52.6323786,39.548273
19,11,Липецк,Опытная 11,4,52.6335888,39.5444582
19,12,Липецк,Опытная 11А,6,52.6342391,39.544421
19,13,Липецк,Опытная 11Б,4,52.6339128,39.5434536
19,14,Липецк,Опытная 13,4,52.6331133,39.543683
19,15,Липецк,Опытная 15,4,52.6324822,39.5424268
19,16,Липецк,Опытная 17,4,52.6329245,39.5417877
19,17,Липецк,Опытная 21,8,52.6337717,39.5410321
19,18,Липецк,Опытная 19,6,52.6345668,39.5420636
19,19,Липецк,Опытная 19Б,4,52.6341527,39.5424098
20,1,Липецк,Елецкая 10А,2,52.6211974,39.6277946
20,2,Липецк,Карьерная 2,2,52.6201866,39.625727
20,3,Липецк,Кольцевая 2А,1,52.6195208,39.6295212
20,4,Липецк,Елецкая 67,3,52.6242101,39.6357106
20,5,Липецк,Елецкая 69,2,52.6247204,39.6360874
20,6,Липецк,Вилкова 14,4,52.6196888,39.6205319
21,1,Липецк,А.Г. Стаханова 23,1,52.5905553,39.5327171
21,2,Липецк,А.Г. Стаханова 25,3,52.591486,39.5322369
21,3,Липецк,А.Г. Стаханова 21,1,52.5920163,39.5317449
21,4,Липецк,А.Г. Стаханова 19,1,52.5923074,39.5316603
21,5,Липецк,60 лет СССР 30,4,52.59066,39.5308123
21,6,Липецк,А.Г. Стаханова 27,7,52.5911582,39.5297705
21,7,Липецк,60 лет СССР 28,6,52.5899749,39.5298324
21,8,Липецк,60 лет СССР 27,4,52.5879632,39.5301116
21,9,Липецк,60 лет СССР 25,4,52.587117,39.5302351
21,10,Липецк,60 лет СССР 23,4,52.5874395,39.5315187
21,11,Липецк,Есенина 4,7,52.5866714,39.5317234
21,12,Липецк,П.И.Смородина 24,9,52.5886801,39.5321856
21,13,Липецк,П.И.Смородина 22,3,52.5897861,39.5339035
21,14,Липецк,П.И.Смородина 18,6,52.5904701,39.5343689
21,15,Липецк,П.И.Смородина 20,7,52.589496,39.5350861
21,16,Липецк,Меркулова 31,8,52.5880706,39.5374962
21,17,Липецк,А.Г. Стаханова 22,5,52.5918629,39.5286574
22,1,Липецк,Депутатская 54,2,52.5910237,39.5689893
22,2,Липецк,Депутатская 52,2,52.5908,39.5695875
22,3,Липецк,Депутатская 53,3,52.5911339,39.5702031
22,4,Липецк,Депутатская 55,2,52.591838,39.570015
22,5,Липецк,Депутатская 55А,1,52.5915566,39.5694766
22,6,Липецк,Депутатская 57,2,52.5921724,39.5694332
22,7,Липецк,Депутатская 63,1,52.5925106,39.5689337
22,8,Липецк,Депутатская 65,1,52.5926877,39.568309
22,9,Липецк,Депутатская 61,5,52.5921786,39.5682245
22,10,Липецк,Депутатская 61А,2,52.5927516,39.5676789
22,11,Липецк,Депутатская 81,8,52.5932133,39.5672252
22,12,Липецк,Депутатская 80,1,52.5921531,39.5668384
22,13,Липецк,Индустриальная 1,3,52.5918293,39.5660278
22,14,Липецк,Индустриальная 3,5,52.5911961,39.5648675
22,15,Липецк,Индустриальная 3А,1,52.5904782,39.5647912
22,16,Липецк,Индустриальная 4,4,52.591481,39.563983
22,17,Липецк,Депутатская 56,2,52.5913748,39.5681947
22,18,Липецк,Киевская 34,2,52.5920496,39.5707492
22,19,Липецк,Киевская 36,1,52.5920695,39.5713563
22,20,Липецк,Депутатская 53А,4,52.5915313,39.571249
22,21,Липецк,Депутатская 51А,4,52.5913703,39.5722442
22,22,Липецк,Киевская 41,4,52.5923527,39.5730968
22,23,Липецк,Механизаторов 19А,1,52.5840484,39.5682233
22,24,Липецк,Механизаторов 19,1,52.5837815,39.5677438
22,25,Липецк,Механизаторов 19Б,1,52.5833691,39.5685665
22,26,Липецк,Механизаторов 17,2,52.5846145,39.5660612
23,1,Липецк,Космонавтов 5 6,1,52.6163538,39.5745853
23,2,Липецк,Космонавтов 5 5,1,52.6165608,39.5748694
23,3,Липецк,Космонавтов 5 4,1,52.6163292,39.5752392
23,4,Липецк,Космонавтов 16,3,52.6175726,39.5752452
23,5,Липецк,Космонавтов 18,3,52.6175459,39.5744598
23,6,Липецк,Космонавтов 20,3,52.6175016,39.5735579
23,7,Липецк,Космонавтов 22,3,52.6176719,39.5727478
23,8,Липецк,Космонавтов 24,3,52.6174013,39.5718735
23,9,Липецк,Космонавтов 26,3,52.6173749,39.5714872
23,10,Липецк,Валентины Терешковой 17,4,52.6143854,39.5732386
23,11,Липецк,Валентины Терешковой 19,2,52.6146471,39.574089
23,12,Липецк,Валентины Терешковой 27,2,52.6129598,39.5738004
23,13,Липецк,Валентины Терешковой 29,1,52.6128084,39.5741861
23,14,Липецк,Циолковского 38,1,52.6101173,39.571236
23,15,Липецк,Валентины Терешковой 42,1,52.6088479,39.5720754
23,16,Липецк,Игнатьева 41,2,52.6145176,39.5778302
23,17,Липецк,Игнатьева 39,2,52.6149739,39.5781413
23,18,Липецк,Военный городок 1 196,2,52.6159617,39.5778698
23,19,Липецк,Военный городок 20,1,52.6159617,39.5778698
23,20,Липецк,Космонавтов 5/1,4,52.6166442,39.5775903
23,21,Липецк,Космонавтов 5 2,4,52.6155479,39.5771535
23,22,Липецк,Космонавтов 14,4,52.6173184,39.5762062
23,23,Липецк,Космонавтов 14 2,4,52.6178461,39.5764412
23,24,Липецк,Гагарина 77А,1,52.6206514,39.5766769
23,25,Липецк,Гагарина 2,3,52.6203177,39.5747505
23,26,Липецк,Гагарина 97,1,52.6226473,39.570186
23,27,Липецк,Гагарина 101,1,52.6222983,39.569073
24,1,Липецк,А.Г. Стаханова 65,1,52.5771379,39.5123594
24,2,Липецк,Коцаря С.Л. 10,2,52.5764037,39.5141051
24,3,Липецк,А.Г. Стаханова 69,3,52.5747239,39.5122351
24,4,Липецк,А.Г. Стаханова 58,12,52.5751116,39.5104912
24,5,Липецк,А.Г. Стаханова 56,1,52.5759636,39.5101209
24,6,Липецк,А.Г. Стаханова 2,7,52.5765399,39.5096199
24,7,Липецк,А.Г. Стаханова 56/2,1,52.5765399,39.5096199
24,8,Липецк,А.Г. Стаханова 61,4,52.5789764,39.5130225
25,1,Липецк,Космонавтов 29,8,52.6141229,39.5575986
25,2,Липецк,Космонавтов 29 3,2,52.6134149,39.5580238
25,3,Липецк,Космонавтов 31 3,6,52.6130581,39.5574297
25,4,Липецк,Космонавтов 33 2,2,52.6127999,39.5570213
25,5,Липецк,Космонавтов 33 3,2,52.6125487,39.5566068
25,6,Липецк,Космонавтов 33 4,4,52.6124167,39.5559343
25,7,Липецк,Космонавтов 33,6,52.6132477,39.5556664
25,8,Липецк,Космонавтов 31,8,52.6136235,39.5565941
25,9,Липецк,Космонавтов 29 4,4,52.6131464,39.558706
25,10,Липецк,Космонавтов 25 5,2,52.6138418,39.5588378
25,11,Липецк,Космонавтов 25 4,2,52.6140981,39.5593196
25,12,Липецк,Космонавтов 25 3,2,52.6141412,39.5600149
25,13,Липецк,Космонавтов 25,6,52.6147663,39.5597928
25,14,Липецк,Космонавтов 23,1,52.6152309,39.5595976
25,15,Липецк,Космонавтов 21,1,52.6154845,39.5597546
25,16,Липецк,Космонавтов 48 1,4,52.6167736,39.5597577
25,17,Липецк,Космонавтов 48 2,3,52.6172987,39.5593892
25,18,Липецк,Космонавтов 50,4,52.6167792,39.5589842
25,19,Липецк,Космонавтов 46 1,3,52.6168261,39.5604957
25,20,Липецк,Космонавтов 46 2,4,52.6174235,39.5607567
25,21,Липецк,Космонавтов 25 1,2,52.6145524,39.5609186
25,22,Липецк,Космонавтов 25 2,2,52.6141788,39.5606841
25,23,Липецк,Циолковского 15,1,52.6117238,39.5586072
25,24,Липецк,Циолковского 13,1,52.6115872,39.5577173
25,25,Липецк,Космонавтов 64 1,1,52.6133834,39.553058
25,26,Липецк,Космонавтов 64 2,1,52.6131479,39.552762
25,27,Липецк,Космонавтов 58,4,52.6162425,39.5541046
25,28,Липецк,Космонавтов 58 2,4,52.6170802,39.5539153
25,29,Липецк,Космонавтов 58 3,4,52.6170528,39.5532449
25,30,Липецк,Космонавтов 56 2,4,52.6170597,39.5546118
25,31,Липецк,Космонавтов 56 3,4,52.6170927,39.5552396
26,1,Липецк,А.Г. Стаханова 13,1,52.5936611,39.5337195
26,2,Липецк,А.Г. Стаханова 11,1,52.593598,39.5341905
26,3,Липецк,А.Г. Стаханова 9,3,52.5935655,39.5353742
26,4,Липецк,А.Г. Стаханова 5,4,52.5942823,39.5362359
26,5,Липецк,А.Г. Стаханова 3,7,52.5947111,39.5352861
26,6,Липецк,А.Г. Стаханова 4,3,52.5953197,39.5338137
26,7,Липецк,А.Г. Стаханова 6,3,52.5949493,39.533084
26,8,Липецк,А.Г. Стаханова 8,7,52.5939427,39.531773
26,9,Липецк,А.Г. Стаханова 10,4,52.5941545,39.5304029
26,10,Липецк,А.Г. Стаханова 12,5,52.5946718,39.5295177
26,11,Липецк,А.Г. Стаханова 14,3,52.5952772,39.5300312
26,12,Липецк,А.Г. Стаханова 16,3,52.5953608,39.5290729
26,13,Липецк,П.И.Смородина 14,13,52.5921613,39.5359145
26,14,Липецк,П.И.Смородина 10,6,52.5921384,39.5367301
26,15,Липецк,П.И.Смородина 6,7,52.5917688,39.5383897
26,16,Липецк,15-й микрорайон 25,6,52.5972206,39.5393316
27,1,Липецк,Московская 99,4,52.6018471,39.5187712
27,2,Липецк,Московская 101,2,52.6014633,39.5180468
27,3,Липецк,Московская 105,5,52.6011964,39.51685
27,4,Липецк,Московская 103,8,52.6018993,39.5166768
27,5,Липецк,Московская 93,4,52.6026342,39.5195641
27,6,Липецк,Московская 91,8,52.6033286,39.5194039
27,7,Липецк,Московская 89,3,52.6025205,39.5206985
27,8,Липецк,Московская 87,3,52.6025019,39.521625
28,1,Липецк,А.Г. Стаханова 44,6,52.5830287,39.5153861
28,2,Липецк,А.Г. Стаханова 50,2,52.5824224,39.5144401
28,3,Липецк,А.Г. Стаханова 52,1,52.5821409,39.513898
28,4,Липецк,Героя России Эдуарда Белана 13,3,52.5824496,39.5132519
28,5,Липецк,Героя России Эдуарда Белана 11,2,52.5828871,39.5126405
28,6,Липецк,А.Г. Стаханова 48,3,52.5834123,39.5132987
28,7,Липецк,А.Г. Стаханова 46,4,52.583423,39.5141182
28,8,Липецк,Хорошавина 9,3,52.5847985,39.5138174
28,9,Липецк,Хорошавина 8,2,52.5852662,39.5146984
28,10,Липецк,Хорошавина 6,2,52.5854664,39.5152042
28,11,Липецк,Хорошавина 3,3,52.5843218,39.5157736
28,12,Липецк,А.Г. Стаханова 40,3,52.5840496,39.5163208
28,13,Липецк,Хорошавина 2,4,52.5845617,39.5170267
28,14,Липецк,Хорошавина 4,2,52.5850722,39.5165596
28,15,Липецк,А.Г. Стаханова 45,4,52.5833512,39.5182317
28,16,Липецк,А.Г. Стаханова 43,1,52.5837281,39.5189664
28,17,Липецк,Бунина 12,2,52.5817063,39.5186436
28,18,Липецк,Бунина 16,1,52.5808509,39.5193342
28,19,Липецк,Бунина 9,6,52.5798755,39.5192614
28,20,Липецк,Бунина 13,1,52.5797705,39.5203748
28,21,Липецк,Героя России Эдуарда Белана 17,5,52.5802264,39.5173056
28,22,Липецк,А.Г. Стаханова 49,2,52.5822416,39.517339
28,23,Липецк,Катукова 23,6,52.5845105,39.5212179
29,1,Липецк,Героя России Эдуарда Белана 2,2,52.5846338,39.5071751
29,2,Липецк,Леонтия Кривенкова 21,2,52.5847005,39.5062188
29,3,Липецк,Леонтия Кривенкова 23,1,52.5843801,39.5056639
29,4,Липецк,Мистюкова А.П. 10,3,52.5821724,39.5053758
29,5,Липецк,Мистюкова А.П. 14,3,52.5816452,39.5042497
29,6,Липецк,Мистюкова А.П. 12,2,52.5822886,39.5040167
29,7,Липецк,Леонтия Кривенкова 29,4,52.5823614,39.5029861
29,8,Липецк,Мистюкова А.П. 2,1,52.5830905,39.5033407
29,9,Липецк,Мистюкова А.П. 8,1,52.5830905,39.5033407
29,10,Липецк,Леонтия Кривенкова 13А,2,52.5857608,39.5075643
29,11,Липецк,Героя России Эдуарда Белана 1,3,52.5851587,39.5083252
29,12,Липецк,Хорошавина 27,2,52.5854925,39.5091308
29,13,Липецк,Хорошавина 29,4,52.5861705,39.509333
29,14,Липецк,Леонтия Кривенкова 13,4,52.5865151,39.5087859
29,15,Липецк,Хорошавина 23,2,52.585625,39.5101313
29,16,Липецк,Хорошавина 21,2,52.5850592,39.5099212
29,17,Липецк,Хорошавина 19,2,52.5847753,39.510461
29,18,Липецк,Героя России Эдуарда Белана 5,3,52.5841663,39.5101197
29,19,Липецк,Героя России Эдуарда Белана 7,4,52.5836305,39.5110519
29,20,Липецк,Героя России Эдуарда Белана 9,2,52.5832792,39.5119405
29,21,Липецк,Героя России Эдуарда Белана 8,3,52.5830915,39.5097921
29,22,Липецк,Героя России Эдуарда Белана 3,2,52.5847169,39.509162
29,23,Липецк,Леонтия Кривенкова 17,2,52.5867717,39.5108333
29,24,Липецк,Леонтия Кривенкова 15,2,52.5872271,39.5112632
30,1,Липецк,Гагарина 76,4,52.6190645,39.5823088
30,2,Липецк,Гагарина 78,2,52.6194468,39.5818921
30,3,Липецк,Гагарина 74Б,4,52.6186244,39.5833138
30,4,Липецк,Гагарина 74А,2,52.6185265,39.5840391
30,5,Липецк,Военный городок 14,2,52.6161799,39.5825365
30,6,Липецк,Военный городок 16,3,52.6156591,39.5820601
30,7,Липецк,Военный городок 19,3,52.6148371,39.5816123
30,8,Липецк,Космонавтов 10,4,52.6175219,39.5792149
30,9,Липецк,Нестерова 8,5,52.6212633,39.5813439
30,10,Липецк,Нестерова 12,5,52.6218831,39.5823526
30,11,Липецк,Качалова 5,2,52.6225972,39.5801214
30,12,Липецк,Качалова 1,1,52.6232205,39.5787248
30,13,Липецк,Гагарина 59,1,52.6165506,39.5873232
30,14,Липецк,Игнатьева 30,1,52.6129079,39.5879534
31,1,Липецк,Неделина 41,4,52.5980713,39.5755576
31,2,Липецк,Мичурина 28,1,52.5976746,39.5753402
31,3,Липецк,Мичурина 26,2,52.5976414,39.5761618
31,4,Липецк,Мичурина 26А,2,52.5974195,39.5768344
31,5,Липецк,Неделина 37,4,52.597814,39.5770823
31,6,Липецк,Неделина 39,6,52.598326,39.5766532
31,7,Липецк,Неделина 35,8,52.5983665,39.5779393
31,8,Липецк,Неделина 21,4,52.5978334,39.5783687
31,9,Липецк,Мичурина 24,1,52.5972464,39.57798
31,10,Липецк,Мичурина 28Б,2,52.5967433,39.5763461
31,11,Липецк,Мичурина 28В,3,52.596284,39.5757781
31,12,Липецк,Мичурина 32,2,52.5969724,39.5744545
31,13,Липецк,Мичурина 36,3,52.595979,39.5736943
31,14,Липецк,Мичурина 38,2,52.59616,39.5728615
31,15,Липецк,Мичурина 38А,4,52.5955962,39.5721109
31,16,Липецк,Мичурина 42,2,52.5968382,39.5719982
31,17,Липецк,Неделина 53,4,52.5989418,39.5743436
31,18,Липецк,Неделина 51А,4,52.598647,39.5751059
31,19,Липецк,Неделина 51,8,52.5994391,39.5755228
31,20,Липецк,Неделина 55,4,52.6003305,39.5748953
31,21,Липецк,Неделина 59,1,52.6008211,39.574212
31,22,Липецк,Неделина 57,4,52.6003724,39.5736602
31,23,Липецк,Неделина 43,4,52.599811,39.5776529
31,24,Липецк,Неделина 49,9,52.6003219,39.5778141
32,1,Липецк,30 лет Октября 2,2,52.6183819,39.6086343
32,2,Липецк,Гагарина 10,4,52.6182112,39.6093133
32,3,Липецк,Гагарина 15,4,52.6176789,39.6092342
32,4,Липецк,Гагарина 13,2,52.617712,39.6101759
32,5,Липецк,Интернациональная 69,2,52.6173327,39.6106879
32,6,Липецк,Интернациональная 71,2,52.6176291,39.6110677
32,7,Липецк,Гагарина 8,4,52.6182853,39.6106947
32,8,Липецк,Интернациональная 56,2,52.616747,39.6107595
32,9,Липецк,Гагарина 9,3,52.6177647,39.6126441
32,10,Липецк,Гагарина 4,2,52.6184139,39.6156632
32,11,Липецк,30 лет Октября 6,6,52.6192621,39.6085564
32,12,Липецк,Гагарина 17,4,52.6174757,39.6071297
32,13,Липецк,Гагарина 26,2,52.6183159,39.606447
32,14,Липецк,Гагарина 28,3,52.6180976,39.6059639
32,15,Липецк,Гагарина 19,4,52.6175246,39.6057065
32,16,Липецк,Гагарина 30,4,52.6180513,39.6047482
32,17,Липецк,Гагарина 21,3,52.6174825,39.6044413
32,18,Липецк,Вавилова 12,1,52.618761,39.6037869
32,19,Липецк,Вавилова 4,6,52.6189433,39.6044765
33,1,Липецк,Неделина 11,6,52.5979972,39.5816885
33,2,Липецк,Неделина 17,8,52.5980282,39.5805929
33,3,Липецк,Неделина 15,9,52.5987437,39.5808052
33,4,Липецк,Неделина 27,3,52.5991846,39.5801393
33,5,Липецк,Неделина 31,3,52.5998103,39.5796178
33,6,Липецк,Неделина 29,3,52.5994353,39.5793456
33,7,Липецк,Неделина 23,8,52.5984,39.5791691
33,8,Липецк,Неделина 19,1,52.5977005,39.5791216
33,9,Липецк,Неделина 17А,4,52.5970156,39.5800373
33,10,Липецк,Мичурина 20,4,52.5965697,39.5806287
33,11,Липецк,Мичурина 12,6,52.5967223,39.5815618
33,12,Липецк,Мичурина 16А,1,52.5957492,39.5817302
33,13,Липецк,Мичурина 4,8,52.5970394,39.5830398
33,14,Липецк,Мичурина 2,1,52.5975032,39.5834637
33,15,Липецк,Неделина 7,2,52.5980086,39.5831973
33,16,Липецк,Неделина 15А,5,52.5981036,39.5845133
33,17,Липецк,Неделина 18,1,52.5997446,39.5844168
33,18,Липецк,Неделина 16,1,52.6000997,39.5842856
33,19,Липецк,Неделина 20,4,52.5996114,39.5832438
33,20,Липецк,Октябрьская 74,2,52.6016117,39.5831243
33,21,Липецк,Неделина 14,1,52.5989264,39.5860852
33,22,Липецк,Неделина 14А,1,52.5989264,39.5860852
34,1,Липецк,9-й микрорайон 24,8,52.6085615,39.5346441
34,2,Липецк,9-й микрорайон 25,4,52.6083794,39.5338227
34,3,Липецк,9-й микрорайон 23,8,52.6077875,39.5337922
34,4,Липецк,9-й микрорайон 21,2,52.6070076,39.5344128
34,5,Липецк,9-й микрорайон 22,5,52.607508,39.5350184
34,6,Липецк,9-й микрорайон 22 3,4,52.6080803,39.535688
34,7,Липецк,9-й микрорайон 22 2,6,52.6077442,39.536041
34,8,Липецк,9-й микрорайон 22 1,2,52.6072575,39.5364676
34,9,Липецк,9-й микрорайон 20В,8,52.6068013,39.5368015
34,10,Липецк,9-й микрорайон 19,4,52.6061281,39.5374343
34,11,Липецк,9-й микрорайон 20Б,4,52.6068393,39.5358336
34,12,Липецк,9-й микрорайон 18,4,52.6056606,39.5345622
34,13,Липецк,9-й микрорайон 20,2,52.6066479,39.5335689
34,14,Липецк,Московская 75,6,52.6081794,39.5322891
34,15,Липецк,Московская 67,4,52.6087625,39.5324641
34,16,Липецк,Московская 69,1,52.6090683,39.532146
34,17,Липецк,Московская 73,1,52.6090784,39.5315013
34,18,Липецк,Московская 71,1,52.6094444,39.531381
34,19,Липецк,Московская 61Д,4,52.6099431,39.5324455
34,20,Липецк,Московская 65,4,52.6090958,39.5330216
34,21,Липецк,Московская 63,4,52.6092848,39.5338133
34,22,Липецк,Московская 61В,8,52.6100169,39.5337781
34,23,Липецк,Московская 59,1,52.6104262,39.53422
34,24,Липецк,Московская 57,1,52.6108102,39.5341811
34,25,Липецк,Московская 57Б,6,52.6109604,39.5335235
34,26,Липецк,Московская 55,1,52.6105688,39.5348963
34,27,Липецк,Московская 57А,1,52.6109922,39.5349656
34,28,Липецк,Московская 53,5,52.6111102,39.5359314
34,29,Липецк,Московская 53 1,2,52.6117865,39.5356087
34,30,Липецк,Московская 49 1,2,52.6121522,39.5363228
34,31,Липецк,Московская 51,5,52.611461,39.5366549
34,32,Липецк,Московская 49,5,52.6118147,39.537397
34,33,Липецк,Московская 47,1,52.6125541,39.5376744
34,34,Липецк,Московская 45,1,52.6129028,39.5383605
34,35,Липецк,Московская 41,6,52.6136244,39.5392433
34,36,Липецк,Московская 43А,2,52.6115509,39.5394235
34,37,Липецк,Западная 44,2,52.6111136,39.5389163
34,38,Липецк,Бескрайняя 20,2,52.6104955,39.5393513
34,39,Липецк,9-й микрорайон 24 2,4,52.6087028,39.5357028
34,40,Липецк,Вермишева 4,10,52.6043297,39.535482
34,41,Липецк,Вермишева 8,6,52.6041821,39.5334988
34,42,Липецк,Вермишева 25,8,52.6036957,39.5322681
34,43,Липецк,Вермишева 23,5,52.6026589,39.5315473
35,1,Липецк,Меркулова 11,3,52.5892128,39.5437092
35,2,Липецк,Меркулова 15,4,52.5883376,39.5419865
35,3,Липецк,Меркулова 19,4,52.5884074,39.5408803
35,4,Липецк,Меркулова 17,5,52.5891137,39.5411844
35,5,Липецк,Меркулова 29,4,52.5881678,39.5391066
35,6,Липецк,П.И.Смородина 2,9,52.5930777,39.5400379
35,7,Липецк,15-й микрорайон 16,6,52.5951785,39.5414754
35,8,Липецк,9-й микрорайон 15,4,52.5973511,39.5436258
35,9,Липецк,15-й микрорайон 19,5,52.5970182,39.5440223
35,10,Липецк,15-й микрорайон 5,6,52.5955585,39.5460411
35,11,Липецк,15-й микрорайон 7,6,52.5945269,39.5452123
35,12,Липецк,15-й микрорайон 3,6,52.5965473,39.5481662
35,13,Липецк,Папина 37,4,52.5897932,39.5498392
35,14,Липецк,Папина 39,4,52.589286,39.5505618
35,15,Липецк,Меркулова 3,5,52.5895574,39.5465214
35,16,Липецк,60 лет СССР 2,6,52.5844994,39.5430488
36,1,Липецк,Барашева 7,4,52.6023206,39.5875402
36,2,Липецк,Барашева 5,4,52.6017249,39.586767
36,3,Липецк,Октябрьская 67,4,52.6012222,39.5855518
36,4,Липецк,Первомайская 65,4,52.6027554,39.5857424
36,5,Липецк,Л.Толстого 7,4,52.6051601,39.5866557
36,6,Липецк,Л.Толстого 44,1,52.6063194,39.5871399
36,7,Липецк,Л.Толстого 42,1,52.6061728,39.5875091
36,8,Липецк,Ворошилова 11,4,52.6065545,39.588244
36,9,Липецк,Л.Толстого 40,4,52.6059133,39.5887192
36,10,Липецк,Малые Ключи 2,4,52.6062498,39.5909457
36,11,Липецк,Кузнечная 10,2,52.6083413,39.594219
36,12,Липецк,Октябрьская 58,5,52.6019147,39.5922628
36,13,Липецк,Коммунальная 10,2,52.5998754,39.590699
36,14,Липецк,Коммунальная 14А,1,52.5989056,39.5884623
36,15,Липецк,Л.Толстого 9,4,52.6053916,39.5852909
36,16,Липецк,Октябрьская 30,2,52.60221,39.5986809
37,1,Липецк,Звездная 3 2,8,52.6062046,39.5508107
37,2,Липецк,Звездная 2 1,8,52.6073597,39.551134
37,3,Липецк,Космонавтов 37 7,6,52.6071253,39.5494459
37,4,Липецк,Космонавтов 39 4,4,52.6069675,39.5487618
37,5,Липецк,Космонавтов 39 3,4,52.6069654,39.5481013
37,6,Липецк,Космонавтов 37 2,1,52.6085098,39.5484072
37,7,Липецк,Космонавтов 37 3,1,52.6083126,39.549047
37,8,Липецк,Космонавтов 41 2,6,52.6065714,39.5465436
37,9,Липецк,Звездная 8 2,6,52.6035711,39.551605
37,10,Липецк,Звездная 4 3,9,52.6041208,39.5538733
37,11,Липецк,Звездная 4 2,5,52.6055471,39.5536702
38,1,Липецк,А.Г. Стаханова 35,5,52.5882173,39.5252652
38,2,Липецк,А.Г. Стаханова 33,3,52.5889355,39.5263071
38,3,Липецк,60 лет СССР 35,4,52.5887044,39.527178
38,4,Липецк,60 лет СССР 31,8,52.5880301,39.5271907
38,5,Липецк,60 лет СССР 33,6,52.5891469,39.5281231
38,6,Липецк,А.Г. Стаханова 24,4,52.5911383,39.5275219
38,7,Липецк,А.Г. Стаханова 20,3,52.5926769,39.5267045
38,8,Липецк,А.Г. Стаханова 18,5,52.593008,39.5278391
38,9,Липецк,60 лет СССР 41,8,52.5910113,39.5242012
38,10,Липецк,А.Г. Стаханова 26,5,52.5896421,39.5249988
38,11,Липецк,А.Г. Стаханова 28,3,52.5884329,39.5233454
38,12,Липецк,А.Г. Стаханова 30,2,52.588762,39.5225466
38,13,Липецк,А.Г. Стаханова 34,3,52.5876545,39.5221937
38,14,Липецк,А.Г. Стаханова 39,3,52.5863744,39.5228036
38,15,Липецк,Катукова 24,7,52.5858339,39.5227653
38,16,Липецк,А.Г. Стаханова 37,4,52.5871173,39.5236143
38,17,Липецк,Есенина 9,5,52.5863705,39.5242287
38,18,Липецк,Катукова 20,7,52.5848807,39.5245285
38,19,Липецк,60 лет СССР 43,8,52.5920686,39.5220672
39,1,Липецк,Московская 137,2,52.5976241,39.5135904
39,2,Липецк,Московская 135,6,52.596817,39.5141992
39,3,Липецк,Московская 133,2,52.5973934,39.5152742
39,4,Липецк,Московская 129,2,52.5980438,39.515885
39,5,Липецк,Московская 131,2,52.5975107,39.5162561
39,6,Липецк,Московская 121,2,52.5992696,39.5139447
39,7,Липецк,Московская 115,4,52.5998785,39.5143962
39,8,Липецк,Московская 111,2,52.6005902,39.5154769
39,9,Липецк,Московская 119,4,52.598829,39.5130986
39,10,Липецк,Московская 141,9,52.5985595,39.5122941
39,11,Липецк,Московская 143,3,52.5980753,39.5121109
39,12,Липецк,Московская 145,3,52.5975748,39.5116009
39,13,Липецк,Московская 147,2,52.5970498,39.5121339
39,14,Липецк,Московская 139,2,52.5974824,39.5125883
39,15,Липецк,Московская 151,1,52.5985007,39.5111717
39,16,Липецк,Московская 153,1,52.597938,39.5108846
